{"WaterFatShift": 13.93,
    "MagneticFieldStrength": 3,
    "ParallelReductionFactorInPlane": 1.5,
    "SliceTiming": [0.0, 0.05834, 0.11668, 0.17502, 0.23336, 0.2917, 0.35004, 0.40838, 0.46672, 0.52506, 0.5834, 0.64174, 0.70008, 0.75842, 0.81676, 0.8751, 0.93344, 0.99178, 1.05012, 1.10846, 1.1668, 1.22514, 1.28348, 1.34182, 1.40016, 1.4585, 1.51684, 1.57518, 1.63352, 1.69186, 1.7502, 1.80854, 1.86688, 1.92522, 1.98356, 2.0419, 2.10024, 2.15858, 2.21692, 2.27526],
    "PhaseEncodingDirection": "j-",
    "RepetitionTime": 2.3338400000000004,
    "MaxSlices": 40,
    "MaxDynamics": 222}